<?xml version="1.0" encoding="UTF-8"?>
<!DOCTYPE mapper PUBLIC "-//mybatis.org//DTD Mapper 3.0//EN" "http://mybatis.org/dtd/mybatis-3-mapper.dtd">
<mapper namespace="com.ssm.dao.AdderssAdminMapper">


<!-- id主键自增长，不需要插入id的值 -->
  
  <insert id="insert" parameterType="com.ssm.model.AdderssAdmin" useGeneratedKeys="true" keyProperty="id">
  	insert into llc_adderssAdmin (expressName,expressPhone,adderss,expressNature,adderssDetail,createTime,createBy) values (#{expressName},#{expressPhone},#{adderss},#{expressNature},#{adderssDetail},#{createTime},#{createBy})
  </insert>
  
  <select id = "queryAllAdderssAdmin" resultType="com.ssm.model.AdderssAdmin">
  	select * from llc_adderssAdmin
  </select>
  
  <delete id="deleteAdderssAdmin" parameterType="java.lang.String">
  	delete from llc_adderssAdmin where id = #{id}
  </delete>
  <select id = "updateAdderssAdmin" parameterType="java.lang.String" resultType="com.ssm.model.AdderssAdmin">
  	select * from llc_adderssAdmin where id = #{id}
  </select>
  
  <update id="saveAdderssAdmin" parameterType="com.ssm.model.AdderssAdmin">
  	update llc_adderssAdmin 
  	set expressName=#{expressName,jdbcType=VARCHAR},
  		expressPhone=#{expressPhone,jdbcType=VARCHAR},
  		adderss=#{adderss,jdbcType=VARCHAR},
  		expressNature=#{expressNature,jdbcType=VARCHAR},
  		adderssDetail=#{adderssDetail,jdbcType=VARCHAR},
  		createBy=#{createBy,jdbcType=VARCHAR}
  	where id=#{id,jdbcType=VARCHAR}
  </update>
</mapper>