<?xml version="1.0" encoding="UTF-8"?>
<!DOCTYPE mapper PUBLIC "-//mybatis.org//DTD Mapper 3.0//EN" "http://mybatis.org/dtd/mybatis-3-mapper.dtd">
<mapper namespace="com.ssm.dao.LogMapper">


<!-- id主键自增长，不需要插入id的值 -->
  
  <insert id="insert" parameterType="com.ssm.model.Log" useGeneratedKeys="true" keyProperty="id">
  	insert into llc_log (sort,title,introdu,content,createDate,status) values (#{sort},#{title},#{introdu},#{content},#{createDate},#{status})
  </insert>
  
  <select id = "queryAllLog" resultType="com.ssm.model.Log">
  	select * from llc_log 
  </select>
  
  <delete id="deleteLog" parameterType="java.lang.String">
  	delete from llc_log where id = #{id}
  </delete>
  
  <select id = "updateLog" parameterType="java.lang.String" resultType="com.ssm.model.Log">
  	select * from llc_log where id = #{id}
  </select>
  
  <update id="saveLog" parameterType="com.ssm.model.Log">
  	update llc_log 
  	set sort=#{sort,jdbcType=VARCHAR},
  		title=#{title,jdbcType=VARCHAR},
		introdu=#{introdu,jdbcType=VARCHAR},
		content=#{content,jdbcType=VARCHAR},
		status=#{status,jdbcType=VARCHAR}
  	where id=#{id,jdbcType=VARCHAR}
  </update>
</mapper>