<?xml version="1.0" encoding="UTF-8"?>
<!DOCTYPE mapper PUBLIC "-//mybatis.org//DTD Mapper 3.0//EN" "http://mybatis.org/dtd/mybatis-3-mapper.dtd">
<mapper namespace="com.ssm.dao.UserMapper">
<!-- 这里用User而不是com.ssm.model.User(用它也是可以的)，是spring-mybatis别名 -->
  <resultMap id="BaseResultMap" type="com.ssm.model.User">
    <id column="id" jdbcType="VARCHAR" property="id" />
    <result column="userName" jdbcType="VARCHAR" property="userName" />
    <result column="passWord" jdbcType="VARCHAR" property="passWord" />
    <result column="age" jdbcType="INTEGER" property="age" />
  </resultMap>
  <sql id="Base_Column_List">
    id, user_name, password, age
  </sql>
  <select id="selectByPrimaryKey" parameterType="java.lang.String" resultMap="BaseResultMap">
    select 
    <include refid="Base_Column_List" />
    from t_user
    where id = #{id}
  </select>

  <select id="findUserByUserName" parameterType="java.lang.String" resultMap="BaseResultMap">
    select
    <include refid="Base_Column_List" />
    from t_user
    where user_name = #{userName}
  </select>

  <delete id="deleteByPrimaryKey" parameterType="java.lang.String">
    delete from t_user
    where id = #{id,jdbcType=VARCHAR}
  </delete>
  <insert id="insert" parameterType="com.ssm.model.User" useGeneratedKeys="true" keyProperty="id">
    insert into t_user (username, password, 
      age)
    values (#{userName}, #{password},#{age})
  </insert>
  <insert id="insertSelective" parameterType="com.ssm.model.User">
    insert into t_user
    <trim prefix="(" suffix=")" suffixOverrides=",">
      <if test="id != null">
        id,
      </if>
      <if test="userName != null">
        user_name,
      </if>
      <if test="password != null">
        password,
      </if>
      <if test="age != null">
        age,
      </if>
    </trim>
    <trim prefix="values (" suffix=")" suffixOverrides=",">
      <if test="id != null">
        #{id,jdbcType=VARCHAR},
      </if>
      <if test="userName != null">
        #{userName,jdbcType=VARCHAR},
      </if>
      <if test="password != null">
        #{password,jdbcType=VARCHAR},
      </if>
      <if test="age != null">
        #{age,jdbcType=INTEGER},
      </if>
    </trim>
  </insert>
  <update id="updateByPrimaryKeySelective" parameterType="com.ssm.model.User">
    update t_user
    <set>
      <if test="userName != null">
        user_name = #{userName,jdbcType=VARCHAR},
      </if>
      <if test="password != null">
        password = #{password,jdbcType=VARCHAR},
      </if>
      <if test="age != null">
        age = #{age,jdbcType=INTEGER},
      </if>
    </set>
    where id = #{id,jdbcType=VARCHAR}
  </update>
  <update id="updateByPrimaryKey" parameterType="com.ssm.model.User">
    update t_user
    set user_name = #{userName,jdbcType=VARCHAR},
      password = #{password,jdbcType=VARCHAR},
      age = #{age,jdbcType=INTEGER}
    where id = #{id,jdbcType=VARCHAR}
  </update>
</mapper>