<?xml version="1.0" encoding="UTF-8"?>
<beans xmlns="http://www.springframework.org/schema/beans"  
    xmlns:xsi="http://www.w3.org/2001/XMLSchema-instance" xmlns:context="http://www.springframework.org/schema/context"  
    xmlns:task="http://www.springframework.org/schema/task"  
    xmlns:util="http://www.springframework.org/schema/util"  
    xmlns:p="http://www.springframework.org/schema/p"  
    xmlns:aop="http://www.springframework.org/schema/aop"  
    xmlns:tx="http://www.springframework.org/schema/tx"  
    xsi:schemaLocation="http://www.springframework.org/schema/beans http://www.springframework.org/schema/beans/spring-beans-3.1.xsd  
        http://www.springframework.org/schema/context http://www.springframework.org/schema/context/spring-context-3.1.xsd  
        http://www.springframework.org/schema/task http://www.springframework.org/schema/task/spring-task-3.1.xsd  
        http://www.springframework.org/schema/util http://www.springframework.org/schema/util/spring-util-3.1.xsd  
        http://www.springframework.org/schema/aop  http://www.springframework.org/schema/aop/spring-aop-3.2.xsd  
        http://www.springframework.org/schema/tx http://www.springframework.org/schema/tx/spring-tx-3.2.xsd">  
  
    <!--用于连接boneCp数据源 -->  
    <bean id="commonDataSourceConfig" class="com.jolbox.bonecp.BoneCPDataSource" abstract="true" destroy-method="close">  
        <!-- 每个分区最大的连接数 -->    
        <property name="maxConnectionsPerPartition" value="100" />    
        <!-- 每个分区最小的连接数 -->    
        <property name="minConnectionsPerPartition" value="10" />    
        <!-- 分区数 ，默认值2，最小1，推荐3-4，视应用而定-->    
        <property name="partitionCount" value="3" />    
        <!-- 每次去拿数据库连接的时候一次性要拿几个,默认值：2 -->    
        <property name="acquireIncrement" value="2" />  
        <!-- 测试连接有效性的间隔时间，单位分钟     
        <property name="idleConnectionTestPeriod" value="40" />-->  
        <!-- 空闲存活时间 分钟  
        <property name="idleMaxAge" value="10"/>-->  
        <!-- 连接超时时间 毫秒-->  
        <property name="connectionTimeout" value="10000"/>  
    </bean>  
   
    <!-- 数据源配置 -->  
    <bean id="dataSource" parent="commonDataSourceConfig">  
        <property name="driverClass" value="com.mysql.jdbc.Driver" />  
          
        <property name="jdbcUrl" value="jdbc:mysql://127.0.0.1:3306/test" />  
        <property name="username" value="root"/>  
        <property name="password" value=""/>  
    </bean>    
   
    <bean id="sqlSessionFactory" class="org.mybatis.spring.SqlSessionFactoryBean">  
        <property name="configLocation" value="classpath:cfg.xml"/>  
        <property name="dataSource" ref="dataSource"/>  
    </bean>  
</beans> 