<?xml version="1.0" encoding="UTF-8"?>
<beans xmlns="http://www.springframework.org/schema/beans"
	xmlns:p="http://www.springframework.org/schema/p" xmlns:xsi="http://www.w3.org/2001/XMLSchema-instance"
	xmlns:context="http://www.springframework.org/schema/context"
	xmlns:mvc="http://www.springframework.org/schema/mvc"
	xsi:schemaLocation="
    http://www.springframework.org/schema/beans
    http://www.springframework.org/schema/beans/spring-beans-3.2.xsd
    http://www.springframework.org/schema/context
    http://www.springframework.org/schema/context/spring-context-3.2.xsd
    http://www.springframework.org/schema/mvc
    http://www.springframework.org/schema/mvc/spring-mvc-3.2.xsd">

	<!-- 注解生效 -->
	<mvc:annotation-driven />
	<!-- 注解扫描路径配置 -->
	<context:component-scan base-package="com.ssm.controller" />
	
	<!-- 引入同文件夹下的redis属性配置文件
    <import resource="spring-redis.xml"/>
    
    <import resource="spring-datasource-bonecp.xml"/> -->  

	<!-- 避免IE在ajax请求时，返回json出现下载 -->
	<bean id="jacksonMessageConverter"
		class="org.springframework.http.converter.json.MappingJacksonHttpMessageConverter">
		<property name="supportedMediaTypes">
			<list>
				<value>text/html;charset=UTF-8</value>
			</list>
		</property>
	</bean>
	
	<!-- 设置上传文件最大值   1M=1*1024*1024(B)=1048576 bytes -->    
	<bean id="multipartResolver" class="org.springframework.web.multipart.commons.CommonsMultipartResolver">    
	    <property name="maxUploadSize" value="1048576" />    
	</bean>
	
	<!-- 对模型视图添加前后缀  此处不用jsp 改用html -->
	<!-- html视图解析器 必须先配置freemarkerConfig,注意html是没有prefix前缀属性的 -->
	<bean id="freemarkerConfig"
		class="org.springframework.web.servlet.view.freemarker.FreeMarkerConfigurer">
		<property name="templateLoaderPath">
			<value>/resources/view/</value>
		</property>
	</bean>
	<bean id="htmlViewResolver"
		class="org.springframework.web.servlet.view.freemarker.FreeMarkerViewResolver">
		<property name="contentType" value="text/html;charset=UTF-8"></property>
		<property name="suffix" value=".html"></property>
		<!-- <property  name="contentType"   value="application/json" ></property> -->
		<property name="order" value="0"></property>
	</bean>
	<!--<mvc:default-servlet-handler />-->
	 <mvc:resources mapping="/images/**" location="/resources/images/" />
	<mvc:resources mapping="/js/**" location="/resources/js/" />
	<mvc:resources mapping="/css/**" location="/resources/css/" />
	<mvc:resources mapping="/view/**" location="/resources/view/" />
	<mvc:resources mapping="/assets/**" location="/resources/assets/" /> 
	<mvc:resources mapping="/font/**" location="/resources/font/" /> 
	<mvc:resources mapping="/Widget/**" location="/resources/Widget/" /> 
	<mvc:resources mapping="/products/**" location="/resources/products/" />  
	
</beans>