<?xml version="1.0" encoding="UTF-8"?>
<beans xmlns="http://www.springframework.org/schema/beans"
	xmlns:xsi="http://www.w3.org/2001/XMLSchema-instance" xmlns:p="http://www.springframework.org/schema/p"
	xmlns:context="http://www.springframework.org/schema/context"
	xmlns:aop="http://www.springframework.org/schema/aop" xmlns:tx="http://www.springframework.org/schema/tx"
	xmlns:util="http://www.springframework.org/schema/util"
	xsi:schemaLocation="http://www.springframework.org/schema/beans
    http://www.springframework.org/schema/beans/spring-beans-3.2.xsd
    http://www.springframework.org/schema/context
    http://www.springframework.org/schema/context/spring-context-3.2.xsd
    http://www.springframework.org/schema/tx
    http://www.springframework.org/schema/tx/spring-tx-3.2.xsd
    http://www.springframework.org/schema/aop
    http://www.springframework.org/schema/aop/spring-aop-3.2.xsd
    http://www.springframework.org/schema/util 
    http://www.springframework.org/schema/util/spring-util-3.2.xsd">

	<bean id="dataSource" class="com.alibaba.druid.pool.DruidDataSource"
		init-method="init" destroy-method="close">
		<property name="driverClassName">
			<value>${jdbc_driverClassName}</value>
		</property>
		<property name="url">
			<value>${jdbc_url}</value>
		</property>
		<property name="username">
			<value>${jdbc_username}</value>
		</property>
		<property name="password">
			<value>${jdbc_password}</value>
		</property>
		<!-- 连接池最大使用连接数 -->
		<property name="maxActive">
			<value>20</value>
		</property>
		<!-- 初始化连接大小 -->
		<property name="initialSize">
			<value>1</value>
		</property>
		<!-- 获取连接最大等待时间 -->
		<property name="maxWait">
			<value>60000</value>
		</property>
		<!-- 连接池最小空闲 -->
		<property name="minIdle">
			<value>3</value>
		</property>
		<!-- 自动清除无用连接 -->
		<property name="removeAbandoned">
			<value>true</value>
		</property>
		<!-- 清除无用连接的等待时间 -->
		<property name="removeAbandonedTimeout">
			<value>180</value>
		</property>
		<!-- 连接属性 -->
		<property name="filters" value="config,wall,stat" />
		<property name="connectionProperties">
			<value></value>
		</property>
	</bean>

	<!-- spring和MyBatis完美整合，不需要mybatis的配置映射文件 -->
	<bean id="sqlSessionFactory" class="org.mybatis.spring.SqlSessionFactoryBean">
		<property name="dataSource" ref="dataSource" />
		<!-- 自动扫描mapping.xml文件 -->
		<property name="mapperLocations" value="classpath:com/ssm/mapper/*.xml"></property>
	</bean>

	<!-- spring与mybatis整合配置，扫描所有dao -->
	<!-- 对Dao 接口动态实现，需要知道接口在哪 -->
	<bean class="org.mybatis.spring.mapper.MapperScannerConfigurer"
		p:basePackage="com.ssm.dao" p:sqlSessionFactoryBeanName="sqlSessionFactory" />

	<!-- 对数据源进行事务管理 -->
	<bean id="transactionManager"
		class="org.springframework.jdbc.datasource.DataSourceTransactionManager">
		<property name="dataSource" ref="dataSource" />
	</bean>

	<!-- 注解事务的支持 -->
	<tx:annotation-driven transaction-manager="transactionManager"
		order="0" />

	<tx:advice id="transactionAdvice" transaction-manager="transactionManager">
		<tx:attributes>
			<tx:method name="save*" propagation="REQUIRED" />
			<tx:method name="update*" propagation="REQUIRED" />
			<tx:method name="delete*" propagation="REQUIRED" />
			<tx:method name="insert*" propagation="REQUIRED" />
			<tx:method name="load*" propagation="SUPPORTS" />
			<tx:method name="find*" propagation="SUPPORTS" />
			<tx:method name="list*" propagation="SUPPORTS" />
			<tx:method name="check*" propagation="SUPPORTS" />
			<tx:method name="*" propagation="SUPPORTS" />
		</tx:attributes>
	</tx:advice>

	<!-- 服务事务注册切面 -->
	<aop:config>
		<aop:pointcut id="transactionPointcut" expression="execution(* com.ssm.service.*.*(..))" />
		<aop:advisor pointcut-ref="transactionPointcut"
			advice-ref="transactionAdvice" order="1" />
	</aop:config>

</beans>